,test_group,split_1,split_2,augur,wilcoxon,deseq2_100,edgeR_100,deseq2_200,edgeR_200,scXMatch,memento,effect_size,balanced_edistance,unbalanced_edistance,deseq2_500,edgeR_500
bhattacherjee_Astro,withdraw_15d_Cocaine,10,10,,195,,,,,0.9822684889507104,64,0.5308924485125859,105.41080005923791,147.5449832614722,,
bhattacherjee_Astro,withdraw_15d_Cocaine,10,30,0.8517233560090703,708,29.0,221.0,,,0.9999968530359918,187,0.7565982404692082,152.3133475635835,153.53263836440306,,
bhattacherjee_Astro,withdraw_15d_Cocaine,10,50,0.8853174603174604,985,49.0,241.0,,,0.999999949497199,244,0.7821612349914238,153.2115927737136,156.93608600782727,,
bhattacherjee_Astro,withdraw_15d_Cocaine,30,10,,196,20.0,66.0,,,0.9999274148261298,83,0.6661429693637078,145.8948603396645,99.17385477235902,,
bhattacherjee_Astro,withdraw_15d_Cocaine,30,30,0.8684580498866212,681,90.0,203.0,,,0.9999999999964422,295,0.8164136622390892,86.56760333886584,103.64195456565812,,
bhattacherjee_Astro,withdraw_15d_Cocaine,30,50,0.888514739229025,1003,107.0,260.0,,,1.0,420,0.8559933407325195,109.4812782536529,106.34061082307366,,
bhattacherjee_Astro,withdraw_15d_Cocaine,50,10,,207,33.0,144.0,,,0.9999972560242986,79,0.6956521739130435,75.1633370647308,95.35629731582588,,
bhattacherjee_Astro,withdraw_15d_Cocaine,50,30,0.8770861678004536,798,163.0,309.0,,,0.9999999999999999,319,0.8523359288097887,147.09687457839408,101.36822363236166,,
bhattacherjee_Astro,withdraw_15d_Cocaine,50,50,0.8578344671201815,1115,175.0,389.0,,,1.0,478,0.928106701366298,90.90913421115098,104.23858445684569,,
bhattacherjee_Astro,withdraw_48h_Cocaine,10,10,,49,,,,,0.7109772786749902,44,0.19734345351043647,20.014109669108198,19.00574027265202,,
bhattacherjee_Astro,withdraw_48h_Cocaine,10,30,0.622732426303855,102,3.0,52.0,,,0.8228600350128528,198,0.1819143310417769,17.58462715260464,12.507380563543649,,
bhattacherjee_Astro,withdraw_48h_Cocaine,10,50,0.5668820861678006,116,2.0,43.0,,,0.920143500316658,269,0.21198156682027647,16.034498809789213,10.983736132835745,,
bhattacherjee_Astro,withdraw_48h_Cocaine,30,10,,176,1.0,97.0,7.0,92.0,0.7896372612177258,52,0.18018018018018012,25.54821507491556,15.35484528111995,,
bhattacherjee_Astro,withdraw_48h_Cocaine,30,30,0.6146938775510205,120,14.0,81.0,0.0,78.0,0.7680017570197128,98,0.11726242371403672,10.95760627016665,10.871550679432415,,
bhattacherjee_Astro,withdraw_48h_Cocaine,30,50,0.592437641723356,159,10.0,78.0,0.0,66.0,0.9317409156477666,167,0.17848036715961246,10.74460979391118,10.132505786517656,,
bhattacherjee_Astro,withdraw_48h_Cocaine,50,10,,98,2.0,86.0,0.0,69.0,0.9137266553621419,51,0.2203182374541004,20.66537771314478,13.843771176709325,,
bhattacherjee_Astro,withdraw_48h_Cocaine,50,30,0.6017233560090703,139,12.0,90.0,3.0,65.0,0.9835934529202414,122,0.24168734491315136,10.209233232366245,12.012957369304218,,
bhattacherjee_Astro,withdraw_48h_Cocaine,50,50,0.5783446712018141,197,15.0,101.0,3.0,66.0,0.9982931161276208,621,0.283744557329463,9.604032311128847,11.998931589303249,,
bhattacherjee_Endo,withdraw_48h_Cocaine,30,30,0.5778117913832199,153,77.0,199.0,56.0,143.0,0.9999956831878632,398,0.38135930047694744,12.23849268249134,12.771457997259605,,
bhattacherjee_Endo,withdraw_48h_Cocaine,50,50,0.5731519274376418,214,123.0,224.0,101.0,213.0,0.9999882704490388,726,0.27710027100270995,11.75075768147846,11.800597730068944,,
bhattacherjee_Endo,withdraw_48h_Cocaine,10,30,0.549297052154195,93,33.0,126.0,44.0,113.0,0.9678847902047091,185,0.2204081632653061,18.10244218178877,11.92285359981139,,
bhattacherjee_Endo,withdraw_48h_Cocaine,50,10,0.563469387755102,146,53.0,137.0,67.0,146.0,0.9666585799393053,280,0.1811666666666666,23.225104496853987,18.04770185032389,,
bhattacherjee_Endo,withdraw_48h_Cocaine,30,50,0.5398185941043085,183,94.0,201.0,64.0,168.0,0.9999970711960154,538,0.3394906743185079,12.430099957493454,12.40903859247534,,
bhattacherjee_Endo,withdraw_48h_Cocaine,50,30,0.5257142857142857,153,103.0,222.0,83.0,197.0,0.9999180958829791,564,0.2809121621621622,9.628592911911484,12.13632580501401,,
bhattacherjee_Endo,withdraw_48h_Cocaine,10,10,0.5755782312925171,66,9.0,60.0,11.0,73.0,0.9999334343376738,106,0.5772727272727274,17.975877116141703,17.285368039380785,,
bhattacherjee_Endo,withdraw_48h_Cocaine,10,50,0.5735600907029478,154,46.0,149.0,61.0,150.0,0.9922177991438069,214,0.23981859410430828,15.638270195579906,11.608804409816344,,
bhattacherjee_Endo,withdraw_48h_Cocaine,30,10,0.6052721088435374,120,41.0,98.0,46.0,98.0,0.9941775563170165,223,0.2926470588235295,26.45708426516549,19.054422233978016,,
bhattacherjee_Endo,withdraw_15d_Cocaine,10,10,0.7273015873015872,178,33.0,101.0,62.0,158.0,0.9999863938956098,190,0.5441025641025641,37.44791034952999,33.82559280112625,,
bhattacherjee_Endo,withdraw_15d_Cocaine,10,30,0.6773015873015873,312,94.0,250.0,116.0,254.0,0.9999999999998367,409,0.6881496881496882,29.164182660183627,28.2104781367878,,
bhattacherjee_Endo,withdraw_15d_Cocaine,10,50,0.7329024943310658,375,135.0,259.0,153.0,290.0,0.9999999999992404,484,0.5959974984365228,32.7718966677879,27.76198994594455,,
bhattacherjee_Endo,withdraw_15d_Cocaine,30,10,0.7217120181405895,223,82.0,202.0,113.0,261.0,0.9999987411790351,351,0.4628828828828828,41.83257917885811,36.03020954647225,,
bhattacherjee_Endo,withdraw_15d_Cocaine,30,30,0.7404988662131519,509,256.0,466.0,215.0,413.0,1.0,803,0.6630752373995619,29.985399408067508,29.938935408383145,,
bhattacherjee_Endo,withdraw_15d_Cocaine,30,50,0.7294331065759637,660,322.0,527.0,256.0,471.0,1.0,1022,0.6750531018823702,30.357213270716656,29.36155291422442,,
bhattacherjee_Endo,withdraw_15d_Cocaine,50,10,0.7372222222222223,240,106.0,232.0,148.0,307.0,0.9999999999965464,374,0.5933333333333333,61.11350858453213,37.62666317086172,,
bhattacherjee_Endo,withdraw_15d_Cocaine,50,30,0.730453514739229,599,329.0,528.0,291.0,498.0,1.0,961,0.680930930930931,28.628370378499525,31.533390637597407,,
bhattacherjee_Endo,withdraw_15d_Cocaine,50,50,0.703095238095238,798,416.0,625.0,341.0,564.0,1.0,1231,0.7722071665161097,30.62896107847763,30.94437827184042,,
mcfarland_1,Idasanutlin_24,10,10,0.6349433106575963,203,6.0,62.0,21.0,98.0,0.5438429027843471,261,0.06259946949602124,68.04668879239955,64.20622869982049,,
mcfarland_1,Idasanutlin_24,10,30,0.5885714285714286,154,19.0,96.0,45.0,154.0,0.7450010522500319,272,0.09530410674059964,50.64526841954307,35.52127885198007,,
mcfarland_1,Idasanutlin_24,10,50,0.591938775510204,161,26.0,109.0,63.0,189.0,0.9841888460256261,283,0.21605126640219707,51.72732260230112,34.780827905504054,,
mcfarland_1,Idasanutlin_24,30,10,0.6065873015873016,327,91.0,203.0,60.0,184.0,0.9936097368113496,517,0.3083157152924594,48.17607886021983,48.21978324641054,,
mcfarland_1,Idasanutlin_24,30,30,0.5702721088435374,264,129.0,231.0,99.0,220.0,0.9900767737953203,652,0.21365651788353535,22.504784753359445,25.165109303479937,,
mcfarland_1,Idasanutlin_24,30,50,0.5620861678004535,301,156.0,218.0,123.0,223.0,0.9999643082019433,707,0.3023255813953488,22.087012518309905,24.21767855470131,,
mcfarland_1,Idasanutlin_24,50,10,0.6041496598639455,427,130.0,238.0,69.0,211.0,0.946688244173778,804,0.17952254641909815,54.90689589485447,51.81468503127621,,
mcfarland_1,Idasanutlin_24,50,30,0.5589455782312925,360,157.0,245.0,120.0,241.0,0.999995236400241,1005,0.34621382775948717,25.99021840097282,27.372675502036145,,
mcfarland_1,Idasanutlin_24,50,50,0.5745578231292517,424,158.0,235.0,135.0,254.0,0.9999998101107032,1167,0.34165395178516933,38.25858020735944,27.439404904377117,,
mcfarland_1,Idasanutlin_6,10,10,0.8063832199546483,362,24.0,86.0,14.0,84.0,0.991162361531112,450,0.3870967741935484,143.38700843200502,119.66637134128916,,
mcfarland_1,Idasanutlin_6,10,30,0.7589795918367348,305,57.0,147.0,29.0,133.0,0.9943483843538151,382,0.2946993029664452,112.35287586159971,72.05324209332963,,
mcfarland_1,Idasanutlin_6,10,50,0.749546485260771,338,65.0,142.0,52.0,158.0,0.9742047566802454,431,0.19240650870682274,56.94982701734051,75.64910402962681,,
mcfarland_1,Idasanutlin_6,30,10,0.8279591836734694,666,51.0,140.0,26.0,106.0,0.9998937295307193,1086,0.4507575757575758,146.38242348722122,139.52546564172894,,
mcfarland_1,Idasanutlin_6,30,30,0.7963492063492064,620,82.0,160.0,56.0,157.0,0.9999995211248887,1191,0.44040404040404046,95.91373714451566,89.60696712482866,,
mcfarland_1,Idasanutlin_6,30,50,0.7731519274376417,696,103.0,178.0,79.0,174.0,0.9999999954989667,1400,0.44544117647058823,94.90801565238944,94.93243368643562,,
mcfarland_1,Idasanutlin_6,50,10,0.837482993197279,765,85.0,182.0,29.0,142.0,0.9999995946753845,1271,0.5190839694656488,129.0426822094796,130.67478145153717,,
mcfarland_1,Idasanutlin_6,50,30,0.7926757369614513,751,107.0,207.0,76.0,187.0,0.999999999951429,1617,0.5078062066055469,88.97996066960957,82.79590784225456,,
mcfarland_1,Idasanutlin_6,50,50,0.7847278911564627,822,128.0,201.0,87.0,185.0,0.9999999999999936,1984,0.5247584948996825,86.91128266864575,88.04644617257236,,
mcfarland_2,Trametinib_24,10,10,0.8288888888888889,361,52.0,221.0,92.0,240.0,0.999981142538475,697,0.62890625,138.11736363384944,125.20869916849932,,
mcfarland_2,Trametinib_24,10,30,0.8514965986394557,447,152.0,364.0,223.0,360.0,0.9999995062219021,944,0.5650773195876289,127.55145698346382,118.94187526015752,,
mcfarland_2,Trametinib_24,10,50,0.8638208616780045,464,190.0,407.0,294.0,405.0,0.9999999959987208,1032,0.5899849397590362,150.70886712501215,118.33458791282789,,
mcfarland_2,Trametinib_24,30,10,0.8144331065759637,458,252.0,387.0,201.0,374.0,0.9999999995682385,1144,0.6732673267326733,115.40579610114072,107.78889732609508,,
mcfarland_2,Trametinib_24,30,30,0.8184580498866212,662,440.0,569.0,320.0,530.0,1.0,1845,0.7753236862147754,107.49901728757231,102.98751373210116,,
mcfarland_2,Trametinib_24,30,50,0.8422789115646259,714,498.0,633.0,396.0,604.0,1.0,2140,0.7663253012048192,115.66246528310796,104.3277598154652,,
mcfarland_2,Trametinib_24,50,10,0.8469501133786846,525,328.0,442.0,278.0,447.0,0.9999999997649966,1326,0.6007912087912088,104.91750673896836,112.08694711233272,,
mcfarland_2,Trametinib_24,50,30,0.8395918367346938,738,529.0,660.0,407.0,625.0,1.0,2392,0.8378021978021978,106.90292653911696,107.22590128879472,,
mcfarland_2,Trametinib_24,50,50,0.8718140589569161,836,582.0,735.0,470.0,690.0,1.0,2828,0.8776139038914278,107.08291916098494,109.166371895263,,
mcfarland_2,Trametinib_6,10,10,0.8149546485260771,337,28.0,115.0,19.0,106.0,0.999981142538475,368,0.62890625,139.2365695038999,116.16427314435106,,
mcfarland_2,Trametinib_6,10,30,0.8316780045351476,371,99.0,226.0,71.0,187.0,0.9986600441240728,481,0.3476159793814433,103.91077760054355,102.78327414658236,,
mcfarland_2,Trametinib_6,10,50,0.8532199546485262,380,126.0,232.0,90.0,233.0,0.9999421426327939,502,0.3849774096385542,98.09138270415292,102.40186763811568,,
mcfarland_2,Trametinib_6,30,10,0.8350793650793651,547,26.0,124.0,16.0,84.0,0.9999999966408846,844,0.6863589743589744,115.791759834505,116.50514811281828,,
mcfarland_2,Trametinib_6,30,30,0.8306235827664399,631,105.0,205.0,57.0,179.0,0.99999999862332,1221,0.5401709401709403,119.0694295208096,105.40904132135364,,
mcfarland_2,Trametinib_6,30,50,0.8337641723356009,654,134.0,229.0,85.0,215.0,0.9999999999999606,1334,0.5921450151057401,101.5029771708742,106.00385693860989,,
mcfarland_2,Trametinib_6,50,10,0.8405215419501133,598,60.0,140.0,37.0,110.0,0.9999999968958075,1080,0.61875,112.35026607125724,111.66152299337892,,
mcfarland_2,Trametinib_6,50,30,0.8073015873015873,721,150.0,243.0,98.0,213.0,0.9999999999999999,1690,0.6504295532646047,101.50748026510126,101.78361678295111,,
mcfarland_2,Trametinib_6,50,50,0.8240929705215421,762,176.0,257.0,110.0,239.0,1.0,1950,0.7056726907630522,118.64339709464878,102.34947880901832,,
mcfarland_3,BRD3379_24,10,10,0.6431972789115646,149,24.0,72.0,39.0,146.0,0.9986647856922602,419,0.5689149560117301,88.99189495650933,93.78767368784668,,
mcfarland_3,BRD3379_24,10,30,0.7257029478458048,245,108.0,210.0,66.0,209.0,0.9999999352972432,726,0.7084246789852804,68.41673780948383,100.75434330942971,,
mcfarland_3,BRD3379_24,10,50,0.7539342403628118,314,141.0,233.0,115.0,194.0,0.9999997434226069,844,0.5888376856118792,93.87658096657208,102.77329630201194,,
mcfarland_3,BRD3379_24,30,10,0.6701927437641723,210,46.0,160.0,75.0,196.0,0.9997012447137245,735,0.47610121836925956,85.17847834340114,79.16182068182366,,
mcfarland_3,BRD3379_24,30,30,0.7160430839002266,373,208.0,361.0,124.0,308.0,0.9999999999999419,1387,0.7209535256410255,86.38369312386448,87.66738129393576,,
mcfarland_3,BRD3379_24,30,50,0.7341723356009071,464,259.0,400.0,147.0,358.0,1.0,1758,0.7668139420716741,90.35484718295282,89.17756788752445,,
mcfarland_3,BRD3379_24,50,10,0.674965986394558,248,77.0,188.0,95.0,262.0,0.9999998194579317,821,0.6027944111776447,88.7780790146403,76.62511839508943,,
mcfarland_3,BRD3379_24,50,30,0.7482879818594104,408,245.0,379.0,168.0,377.0,1.0,1706,0.7208104395604396,97.1542704881839,85.94030670484466,,
mcfarland_3,BRD3379_24,50,50,0.7449659863945578,501,303.0,468.0,211.0,458.0,1.0,2362,0.7539473684210527,88.3017646976956,87.32537624067675,,
mcfarland_3,BRD3379_6,10,10,0.6745011337868481,324,8.0,69.0,13.0,102.0,0.9917727574011068,571,0.4628099173553719,156.38184012647457,156.38179699461307,,
mcfarland_3,BRD3379_6,10,30,0.711859410430839,463,85.0,187.0,51.0,192.0,0.9998090691293869,918,0.4836716681376876,212.44144644912623,170.64027744044358,,
mcfarland_3,BRD3379_6,10,50,0.7557823129251701,506,121.0,203.0,63.0,187.0,0.9976002444090643,1106,0.3267596600929934,116.3767850165126,172.92622055848642,,
mcfarland_3,BRD3379_6,30,10,0.7167800453514741,521,17.0,121.0,15.0,87.0,0.999989539144975,993,0.6139315230224323,170.27525870912723,175.96447837473,,
mcfarland_3,BRD3379_6,30,30,0.7528231292517007,684,86.0,189.0,52.0,177.0,0.9999995326226504,1740,0.5260370697263902,187.64381294032853,196.1161132790445,,
mcfarland_3,BRD3379_6,30,50,0.7832993197278911,717,104.0,215.0,58.0,168.0,0.9999998698471239,2158,0.47193018621590044,215.26546601981863,200.3690939870324,,
mcfarland_3,BRD3379_6,50,10,0.7212698412698413,552,16.0,171.0,15.0,84.0,0.9999727070807259,1193,0.528125,194.7097868896216,178.6466800947669,,
mcfarland_3,BRD3379_6,50,30,0.753639455782313,752,85.0,226.0,56.0,208.0,0.9999999993040241,2259,0.5711538461538461,202.31264752170523,200.46283218842507,,
mcfarland_3,BRD3379_6,50,50,0.7901133786848071,792,120.0,263.0,69.0,190.0,0.9999999998571204,2694,0.5121052631578948,188.39867820164017,205.76889162691495,,
mcfarland_4,BRD3379_24,10,10,0.6465986394557822,152,59.0,190.0,71.0,168.0,0.9996623782633162,622,0.6014434643143545,88.15104038100912,83.48755193841316,,
mcfarland_4,BRD3379_24,10,30,0.6218707482993198,191,137.0,227.0,113.0,231.0,0.9962451408473866,709,0.3650126156433978,97.0646559939338,58.7535166765814,,
mcfarland_4,BRD3379_24,10,50,0.6385714285714286,195,200.0,302.0,163.0,299.0,0.9998531969540251,752,0.4166273027869627,123.2888711861359,55.65990885003703,,
mcfarland_4,BRD3379_24,30,10,0.6721655328798186,270,167.0,336.0,138.0,277.0,0.9999838132489987,1201,0.5482900136798906,86.30679746824785,79.76018372683131,,
mcfarland_4,BRD3379_24,30,30,0.6858049886621316,310,226.0,299.0,163.0,283.0,0.9999999999998423,1590,0.703012912482066,64.1603971506546,54.63915568565824,,
mcfarland_4,BRD3379_24,30,50,0.687562358276644,375,301.0,396.0,206.0,318.0,1.0,1816,0.7232876712328766,53.95928079661314,52.233508263700855,,
mcfarland_4,BRD3379_24,50,10,0.64156462585034,291,189.0,332.0,131.0,283.0,0.9999999827062038,1293,0.6317907444668007,64.47942157791431,70.11577276384503,,
mcfarland_4,BRD3379_24,50,30,0.6534467120181405,339,219.0,291.0,179.0,308.0,0.9999999999999684,1923,0.6388005452067242,46.81488586185196,47.824683938902695,,
mcfarland_4,BRD3379_24,50,50,0.6502267573696144,452,321.0,411.0,221.0,369.0,1.0,2375,0.7448636774777103,44.55655384251884,48.25631338445919,,
mcfarland_4,BRD3379_6,10,10,0.8111337868480727,324,28.0,97.0,21.0,73.0,0.9258773795061475,776,0.3181818181818181,300.0821409185278,239.289920501952,,
mcfarland_4,BRD3379_6,10,30,0.7630045351473923,317,72.0,138.0,41.0,142.0,0.8075161799380817,747,0.14956011730205276,192.3947006426804,182.5365293466912,,
mcfarland_4,BRD3379_6,10,50,0.7669614512471655,342,118.0,207.0,70.0,177.0,0.9436724409840039,840,0.20266889074228522,284.8951520860619,184.2503675469005,,
mcfarland_4,BRD3379_6,30,10,0.8395918367346938,626,77.0,140.0,37.0,107.0,0.9999996001631747,1613,0.6875,243.672380854988,255.2265369228592,,
mcfarland_4,BRD3379_6,30,30,0.7871768707482993,668,123.0,205.0,62.0,172.0,0.9989404921040336,2027,0.3402217741935484,226.545779821584,202.0408982284854,,
mcfarland_4,BRD3379_6,30,50,0.7915079365079366,747,223.0,309.0,109.0,258.0,0.999998727315645,2193,0.4360665137614679,261.696769670879,204.68250346301704,,
mcfarland_4,BRD3379_6,50,10,0.8215532879818593,647,81.0,260.0,29.0,89.0,0.9999036513070546,1925,0.4716981132075472,259.471961744871,231.4773247220752,,
mcfarland_4,BRD3379_6,50,30,0.760952380952381,718,112.0,187.0,51.0,147.0,0.9999460905530706,2595,0.37279367011564213,173.4182382542399,181.645813683132,,
mcfarland_4,BRD3379_6,50,50,0.7716326530612244,829,200.0,297.0,91.0,204.0,0.9999999995740816,2950,0.49679764583693964,146.49239378031984,182.7124877318041,,
mcfarland_5,BRD3379_24,10,10,0.5952721088435374,80,1.0,13.0,8.0,37.0,0.9867045047579404,310,0.4413793103448276,86.72091227355884,66.25443280764864,,
mcfarland_5,BRD3379_24,10,30,0.6804875283446712,176,70.0,131.0,39.0,154.0,0.9983800764801473,520,0.4249390456287008,91.44732474915838,75.04857794667987,,
mcfarland_5,BRD3379_24,10,50,0.680532879818594,202,115.0,166.0,64.0,265.0,0.9999413678602866,585,0.4765641131530044,111.38039374665982,66.81695282371095,,
mcfarland_5,BRD3379_24,30,10,0.6083219954648525,159,39.0,139.0,27.0,112.0,0.9999569055189331,529,0.5370370370370371,63.45469159334107,53.892982771727816,,
mcfarland_5,BRD3379_24,30,30,0.6589002267573697,352,86.0,165.0,52.0,172.0,0.9999999876458007,1196,0.5759637188208617,61.82043319182799,69.77790826643877,,
mcfarland_5,BRD3379_24,30,50,0.6581859410430839,367,123.0,177.0,68.0,209.0,0.9999999997382693,1474,0.5580687830687832,64.15911557579534,61.96739105115557,,
mcfarland_5,BRD3379_24,50,10,0.651077097505669,214,66.0,201.0,26.0,80.0,0.999999990720858,596,0.6590909090909092,64.85021174002418,46.112395456917966,,
mcfarland_5,BRD3379_24,50,30,0.6985034013605442,408,96.0,154.0,55.0,162.0,1.0,1642,0.8004240657301882,72.78554383350934,62.12490426664738,,
mcfarland_5,BRD3379_24,50,50,0.6908956916099772,433,118.0,183.0,65.0,214.0,1.0,1884,0.6774118738404453,58.53576124259132,55.14601115255232,,
mcfarland_5,BRD3379_6,10,10,0.6460997732426305,227,14.0,86.0,17.0,55.0,0.44802069186449867,510,0.04398148148148162,229.67943164634767,156.49998841765637,,
mcfarland_5,BRD3379_6,10,30,0.690952380952381,405,71.0,152.0,43.0,173.0,0.9599045615366938,814,0.27976190476190477,230.93223982983736,191.9737611147599,,
mcfarland_5,BRD3379_6,10,50,0.6781632653061225,402,125.0,184.0,72.0,250.0,0.5588254794436707,831,0.052579365079365226,237.5515194577388,178.54515027078455,,
mcfarland_5,BRD3379_6,30,10,0.6616213151927437,384,42.0,119.0,18.0,66.0,0.8922575395773378,907,0.217741935483871,159.6642147026405,145.90078301591484,,
mcfarland_5,BRD3379_6,30,30,0.6975396825396823,613,68.0,146.0,34.0,132.0,0.9991198185847217,1697,0.3719552337063857,192.8507473399952,185.96445543896917,,
mcfarland_5,BRD3379_6,30,50,0.7107596371882088,631,121.0,181.0,58.0,237.0,0.992595138567992,1842,0.25249615975422424,139.06611972103065,174.37306997956716,,
mcfarland_5,BRD3379_6,50,10,0.6539229024943312,475,67.0,265.0,18.0,36.0,0.9141292331777288,1059,0.20194174757281558,209.78991294631567,145.80299786070304,,
mcfarland_5,BRD3379_6,50,30,0.7137528344671202,743,93.0,165.0,40.0,136.0,0.9999217355498374,2209,0.3889379229185055,192.0013626270588,187.68511167525676,,
mcfarland_5,BRD3379_6,50,50,0.7115873015873017,759,128.0,188.0,68.0,218.0,0.9981810721332767,2693,0.26498459391895823,200.3150299856052,175.09222613393865,,
norman,1,10,10,0.5886507936507936,881,471.0,592.0,556.0,698.0,0.9999972661681484,3127,0.07713329643365596,19.24209439048244,19.87776710413556,589.0,714.0
norman,1,10,30,0.5571201814058957,1056,778.0,940.0,818.0,916.0,1.0,4117,0.1380342642576322,18.481705573674247,19.114146820230985,801.0,936.0
norman,1,10,50,0.5458049886621316,1107,944.0,1021.0,932.0,1013.0,1.0,4300,0.17450631964476204,16.953921986329135,17.239824903173314,898.0,1002.0
norman,1,30,10,0.5501587301587302,891,508.0,626.0,621.0,754.0,0.9999999613050267,3192,0.05924435731368083,23.78524812262478,18.85970936403908,664.0,761.0
norman,1,30,30,0.5291609977324263,1120,846.0,1058.0,879.0,1048.0,1.0,4480,0.08893854379239285,18.309113054727305,18.11681456427621,922.0,1046.0
norman,1,30,50,0.5202040816326531,1166,957.0,1141.0,967.0,1139.0,1.0,4809,0.13753231625482287,17.01043559730408,16.298660077394942,998.0,1110.0
norman,1,50,10,0.5709750566893425,904,658.0,662.0,847.0,779.0,0.9981027690769484,3284,0.024473400733118433,17.98215648263968,19.82354336853254,738.0,775.0
norman,1,50,30,0.5643424036281179,1124,899.0,1083.0,932.0,1074.0,0.9999999999999953,4618,0.06460696723258763,21.63614480669031,19.0593162875941,977.0,1066.0
norman,1,50,50,0.5634467120181406,1191,991.0,1180.0,1016.0,1179.0,1.0,5056,0.10332206043752601,18.455096139336234,17.186830013611853,1056.0,1156.0
norman,2,10,10,0.6188888888888888,1054,636.0,781.0,727.0,890.0,1.0,4277,0.24265170513742107,47.9691352633439,51.63109706576466,770.0,893.0
norman,2,10,30,0.6277324263038548,1203,928.0,1072.0,963.0,1092.0,1.0,5204,0.3494631116480378,50.370038237654086,50.59725845447019,957.0,1076.0
norman,2,10,50,0.6281292517006802,1239,1073.0,1134.0,1083.0,1121.0,1.0,5406,0.37573187174035405,48.77893226006742,47.5994052662231,1037.0,1151.0
norman,2,30,10,0.6400793650793652,1072,709.0,859.0,815.0,971.0,1.0,4386,0.15814118878156203,51.74568233185386,50.19477218137612,883.0,978.0
norman,2,30,30,0.6361224489795918,1264,1006.0,1205.0,1048.0,1204.0,1.0,5544,0.25875591617935545,53.469689520223824,49.22049910157634,1086.0,1202.0
norman,2,30,50,0.6449092970521542,1321,1104.0,1287.0,1125.0,1285.0,1.0,5920,0.3170973739154448,49.68622896896497,46.3504911660828,1153.0,1261.0
norman,2,50,10,0.6322562358276644,1085,805.0,900.0,956.0,998.0,1.0,4424,0.1103303493286587,47.02041662647093,50.24249740916207,927.0,1007.0
norman,2,50,30,0.6379138321995466,1273,1046.0,1242.0,1075.0,1245.0,1.0,5718,0.21876720183138088,50.29866590059154,49.24540411703762,1117.0,1233.0
norman,2,50,50,0.5908956916099773,1332,1128.0,1334.0,1153.0,1332.0,1.0,6108,0.2829749724191708,46.43260523115117,46.375850064683846,1208.0,1321.0
schiebinger,D1.5,10,10,0.9466326530612246,671,222.0,301.0,288.0,369.0,1.0,4940,0.9676713947990544,279.936773682092,288.3171475222745,270.0,336.0
schiebinger,D1.5,10,30,0.9371428571428572,792,328.0,406.0,387.0,477.0,1.0,5325,0.9563111694077288,287.33765704753233,287.7660976730831,375.0,455.0
schiebinger,D1.5,10,50,0.9476077097505669,820,356.0,431.0,420.0,498.0,1.0,5411,0.9298144245802461,292.1075296287706,289.2499691905514,417.0,478.0
schiebinger,D1.5,30,10,0.9548185941043082,747,315.0,428.0,358.0,435.0,1.0,6904,0.9359105495387084,293.3093234035656,304.6576569047861,348.0,379.0
schiebinger,D1.5,30,30,0.9519501133786848,890,453.0,561.0,449.0,558.0,1.0,6521,0.9541228560096485,295.3184061313229,304.22777007015867,437.0,521.0
schiebinger,D1.5,30,50,0.9536054421768708,920,480.0,605.0,486.0,600.0,1.0,6572,0.9532685128583677,312.8662924785203,305.9347266874177,479.0,550.0
schiebinger,D1.5,50,10,0.951530612244898,747,395.0,441.0,405.0,466.0,1.0,7141,0.954201388888889,285.9828869964436,300.298790727348,382.0,421.0
schiebinger,D1.5,50,30,0.9518820861678003,894,504.0,611.0,495.0,591.0,1.0,7108,0.9592994718551823,298.3850436799237,299.9312009586536,486.0,562.0
schiebinger,D1.5,50,50,0.9495691609977324,976,528.0,629.0,534.0,615.0,1.0,7021,0.9622337593184239,301.24212965771466,301.6583993898541,515.0,597.0
schiebinger,D2,10,10,0.8408390022675737,563,300.0,449.0,357.0,505.0,1.0,4594,0.9465379262352123,69.97596250488398,68.17319776143874,368.0,493.0
schiebinger,D2,10,30,0.8442290249433106,636,423.0,597.0,459.0,609.0,1.0,5459,0.9669780808362461,68.49796281947326,68.72346469176927,479.0,586.0
schiebinger,D2,10,50,0.8884920634920636,657,499.0,606.0,515.0,677.0,1.0,5610,0.9684846625357675,70.96152071192721,67.76994231023836,519.0,635.0
schiebinger,D2,30,10,0.8571655328798187,644,374.0,568.0,438.0,570.0,1.0,4795,0.95620559069259,65.06909303418955,67.75771140059987,448.0,555.0
schiebinger,D2,30,30,0.8589909297052154,763,520.0,726.0,554.0,709.0,1.0,5864,0.9812589409384447,64.65512013883605,68.40803604867742,558.0,683.0
schiebinger,D2,30,50,0.8398185941043085,785,572.0,771.0,602.0,747.0,1.0,6093,0.9752573909386116,68.44556311300148,67.4720091976124,612.0,730.0
schiebinger,D2,50,10,0.8809070294784581,666,399.0,572.0,470.0,634.0,1.0,4835,0.940249146917216,62.11680512957109,66.23497644995982,482.0,595.0
schiebinger,D2,50,30,0.8634580498866212,833,563.0,724.0,592.0,720.0,1.0,5942,0.9767177830089439,66.61020200653661,66.94879189566072,603.0,707.0
schiebinger,D2,50,50,0.8566666666666667,831,612.0,814.0,636.0,786.0,1.0,6216,0.970291258569097,65.55095741189608,66.04394660607555,646.0,766.0
schiebinger,D2.5,10,10,0.8365192743764173,561,334.0,463.0,385.0,526.0,1.0,4161,0.9293915807894969,62.92354944437496,62.89870817308763,388.0,508.0
schiebinger,D2.5,10,30,0.8711791383219957,631,434.0,588.0,466.0,620.0,1.0,4910,0.9478134085634669,63.61312574573866,63.98083968295245,493.0,594.0
schiebinger,D2.5,10,50,0.8525396825396824,657,479.0,649.0,506.0,645.0,1.0,5047,0.9562131440226904,61.60106410625326,63.146166540794354,524.0,635.0
schiebinger,D2.5,30,10,0.8873242630385488,661,389.0,521.0,453.0,575.0,1.0,4771,0.9416821130676553,61.31283791288861,63.63501637856707,472.0,575.0
schiebinger,D2.5,30,30,0.8668027210884353,772,533.0,723.0,566.0,706.0,1.0,5548,0.9605117753227025,65.2660354732446,64.78394080317021,586.0,699.0
schiebinger,D2.5,30,50,0.8817346938775509,792,568.0,764.0,613.0,752.0,1.0,5716,0.9741137072250665,63.81325366703055,63.94279303151366,628.0,748.0
schiebinger,D2.5,50,10,0.877528344671202,693,426.0,585.0,505.0,608.0,1.0,4929,0.920523223279239,64.5582283995524,64.07476984672955,514.0,604.0
schiebinger,D2.5,50,30,0.8778684807256235,810,584.0,762.0,614.0,767.0,1.0,5707,0.9564161624538983,65.40804670479126,65.29254702431477,629.0,752.0
schiebinger,D2.5,50,50,0.8974149659863946,848,626.0,795.0,650.0,791.0,1.0,5869,0.9626419776482977,64.17252270691091,64.46608405874079,674.0,785.0
schiebinger,D3,10,10,0.8885600907029478,569,396.0,557.0,459.0,647.0,1.0,3972,0.9827709611451942,86.06894893183673,86.06674461557341,480.0,633.0
schiebinger,D3,10,30,0.9053741496598638,668,524.0,689.0,571.0,719.0,1.0,4961,0.9829676646475186,89.21495624667789,87.89227612312239,595.0,708.0
schiebinger,D3,10,50,0.9090589569160998,696,553.0,715.0,608.0,761.0,1.0,5187,0.9792987630048333,85.71837841645315,87.26450505476396,637.0,761.0
schiebinger,D3,30,10,0.8748979591836735,664,488.0,663.0,561.0,684.0,1.0,4364,0.9803236083165661,86.5494909149315,86.36965569753667,580.0,669.0
schiebinger,D3,30,30,0.8765873015873017,771,638.0,830.0,675.0,829.0,1.0,5585,0.9817832081033456,87.45021248354533,88.246611079363,696.0,824.0
schiebinger,D3,30,50,0.9092290249433108,832,692.0,889.0,716.0,876.0,1.0,5887,0.9834362940154238,87.7282941904459,87.65749935374197,737.0,873.0
schiebinger,D3,50,10,0.9166326530612244,670,540.0,663.0,602.0,717.0,1.0,4462,0.9754313725490197,91.72028275853236,87.47099313569704,603.0,705.0
schiebinger,D3,50,30,0.9001700680272109,807,677.0,867.0,710.0,855.0,1.0,5688,0.9821164062258524,89.91759293047512,89.38541410178932,724.0,839.0
schiebinger,D3,50,50,0.908061224489796,872,721.0,922.0,756.0,917.0,1.0,5999,0.9867769216312724,89.65004611748184,88.82050740369935,769.0,903.0
schiebinger,D3.5,10,10,0.8911337868480728,711,395.0,588.0,471.0,653.0,1.0,4328,0.9839398952302179,120.68902646206976,117.28259900188952,481.0,639.0
schiebinger,D3.5,10,30,0.9271201814058958,762,490.0,684.0,552.0,725.0,1.0,4751,0.9914445614724102,116.50128902325407,118.83273409151052,586.0,706.0
schiebinger,D3.5,10,50,0.9425283446712018,788,541.0,738.0,599.0,768.0,1.0,4777,0.9822748449461838,119.03023062617105,117.63820442294772,607.0,734.0
schiebinger,D3.5,30,10,0.8957596371882084,812,475.0,652.0,543.0,691.0,1.0,4529,0.9839747909105718,118.3290092031766,117.55796021133992,552.0,680.0
schiebinger,D3.5,30,30,0.9213038548752834,912,601.0,821.0,640.0,778.0,1.0,4927,0.9934060351504252,119.29532582453592,119.15903917223216,677.0,775.0
schiebinger,D3.5,30,50,0.9344331065759636,925,649.0,850.0,691.0,860.0,1.0,4992,0.985701410852404,117.9941412465606,117.95803568192424,713.0,813.0
schiebinger,D3.5,50,10,0.898140589569161,827,515.0,668.0,574.0,710.0,1.0,4622,0.9848317982618773,118.64206974777406,116.3614627013512,586.0,698.0
schiebinger,D3.5,50,30,0.9177664399092972,938,641.0,831.0,681.0,845.0,1.0,5013,0.9942646642285622,117.84032011065824,118.00602557945416,699.0,882.0
schiebinger,D3.5,50,50,0.9245351473922904,1005,693.0,920.0,717.0,871.0,1.0,5077,0.9898411421613083,115.76480675938186,116.82188214393678,745.0,910.0
schiebinger,D4,10,10,0.9223469387755102,699,482.0,687.0,545.0,748.0,1.0,4689,1.0,139.59059709758975,137.70003880638978,576.0,731.0
schiebinger,D4,10,30,0.9500226757369616,790,611.0,812.0,661.0,864.0,1.0,5836,0.9980119946581543,139.05054113749054,139.75413602456723,680.0,852.0
schiebinger,D4,10,50,0.945997732426304,833,652.0,854.0,700.0,887.0,1.0,6069,1.0,139.98417900106307,139.32232126596475,732.0,869.0
schiebinger,D4,30,10,0.9511451247165532,764,564.0,745.0,624.0,783.0,1.0,5100,1.0,141.0023731519267,138.43197809213927,656.0,778.0
schiebinger,D4,30,30,0.9496938775510204,894,700.0,931.0,744.0,923.0,1.0,6061,0.996173950530797,140.6407853687822,140.5072682101827,769.0,928.0
schiebinger,D4,30,50,0.9525510204081634,928,746.0,1000.0,788.0,950.0,1.0,6359,0.9990902197721149,140.01288863883593,140.10294630816202,821.0,939.0
schiebinger,D4,50,10,0.9687301587301588,776,592.0,755.0,666.0,820.0,1.0,5161,0.993996254681648,139.52421228677355,138.6372951952128,683.0,810.0
schiebinger,D4,50,30,0.9563832199546486,964,735.0,949.0,765.0,943.0,1.0,6138,0.9988770606482124,140.44609458303927,140.7693496440172,798.0,936.0
schiebinger,D4,50,50,0.9687074829931972,980,781.0,1007.0,827.0,1007.0,1.0,6425,0.9984858383889149,140.43716120637544,140.37288536339275,845.0,1001.0
schiebinger,D4.5,10,10,0.9810090702947848,711,511.0,707.0,583.0,761.0,1.0,4563,1.0,215.42219365372745,224.8019451718711,613.0,750.0
schiebinger,D4.5,10,30,0.9635714285714284,800,652.0,834.0,700.0,896.0,1.0,5759,1.0,226.76474885772467,227.3321830517836,726.0,883.0
schiebinger,D4.5,10,50,0.9778798185941044,836,707.0,888.0,757.0,937.0,1.0,6089,1.0,229.88237135919968,227.29060587172967,765.0,904.0
schiebinger,D4.5,30,10,0.983310657596372,802,583.0,777.0,659.0,811.0,1.0,4757,1.0,222.201051919296,221.447181306611,679.0,827.0
schiebinger,D4.5,30,30,0.9784580498866212,925,739.0,948.0,769.0,950.0,1.0,5913,0.9986379072050832,220.80775857787955,224.041651631857,795.0,942.0
schiebinger,D4.5,30,50,0.9818707482993196,948,787.0,1001.0,822.0,988.0,1.0,6311,1.0,225.8923089832048,223.9980046854575,841.0,981.0
schiebinger,D4.5,50,10,0.987607709750567,810,648.0,769.0,693.0,839.0,1.0,4786,1.0,218.8183230924988,220.8483715640056,707.0,829.0
schiebinger,D4.5,50,30,0.97921768707483,922,764.0,975.0,804.0,966.0,1.0,5989,0.9988229933840655,225.49425751739528,223.47222663299,827.0,954.0
schiebinger,D4.5,50,50,0.9814965986394556,975,817.0,1027.0,851.0,1025.0,1.0,6303,1.0,222.85196057116408,223.42761645745185,871.0,1011.0
schiebinger,D5,10,10,0.9876190476190476,744,524.0,726.0,582.0,799.0,1.0,4846,1.0,281.24827431277527,278.3683294099121,644.0,784.0
schiebinger,D5,10,30,0.9894444444444443,858,648.0,872.0,720.0,917.0,1.0,6034,0.9976721976074151,282.1150638078111,281.3756636728975,753.0,909.0
schiebinger,D5,10,50,0.9935487528344672,876,700.0,922.0,768.0,955.0,1.0,6281,1.0,283.4483387176954,281.38698993590936,797.0,941.0
schiebinger,D5,30,10,0.988061224489796,812,607.0,811.0,684.0,853.0,1.0,5014,1.0,276.58097844805195,279.44248391339875,706.0,833.0
schiebinger,D5,30,30,0.9883673469387756,948,768.0,991.0,803.0,988.0,1.0,6108,0.998639194443024,283.69273817598724,282.4889013893732,825.0,989.0
schiebinger,D5,30,50,0.992687074829932,966,810.0,1049.0,861.0,1047.0,1.0,6453,1.0,285.37214764784983,282.52264351621443,885.0,1036.0
schiebinger,D5,50,10,0.992721088435374,830,657.0,804.0,728.0,867.0,1.0,5053,1.0,283.9310986181523,281.96970086079864,722.0,845.0
schiebinger,D5,50,30,0.98765306122449,959,799.0,998.0,838.0,989.0,1.0,6148,0.9988236132094216,283.2709407929267,285.0896212900003,852.0,972.0
schiebinger,D5,50,50,0.9920748299319728,1002,844.0,1074.0,884.0,1054.0,1.0,6438,1.0,286.44419792143555,285.1303583484806,921.0,1045.0
schiebinger,D5.5,10,10,0.976984126984127,722,512.0,730.0,571.0,774.0,1.0,4950,1.0,192.0990934275694,196.6758222659323,608.0,786.0
schiebinger,D5.5,10,30,0.9873015873015872,841,642.0,876.0,697.0,906.0,1.0,5781,0.9975281391712829,199.65479220778525,199.5024014340513,733.0,885.0
schiebinger,D5.5,10,50,0.9893537414965988,865,679.0,903.0,740.0,926.0,1.0,6035,1.0,199.55558216338517,199.1569784530733,764.0,910.0
schiebinger,D5.5,30,10,0.9829931972789115,828,589.0,834.0,673.0,841.0,1.0,5246,0.9934502049407334,184.22629226404936,192.6677080563721,685.0,834.0
schiebinger,D5.5,30,30,0.9810884353741496,933,759.0,1002.0,794.0,995.0,1.0,6190,0.9986032224022156,197.1248732847185,195.47805367029275,825.0,978.0
schiebinger,D5.5,30,50,0.9854081632653062,983,804.0,1031.0,844.0,1031.0,1.0,6393,0.9979385591893118,194.80817629315857,195.1130880943527,869.0,1023.0
schiebinger,D5.5,50,10,0.9829591836734696,826,624.0,839.0,702.0,889.0,1.0,5324,0.9938389664710248,204.8240472057093,192.06908108466365,710.0,876.0
schiebinger,D5.5,50,30,0.9635827664399096,960,791.0,1013.0,823.0,1016.0,1.0,6240,0.9987983099444147,195.43034686082265,194.90825330739173,867.0,994.0
schiebinger,D5.5,50,50,0.9818934240362812,1004,837.0,1078.0,893.0,1069.0,1.0,6461,0.9983281960359075,193.6667057139705,194.5398112239388,908.0,1055.0
schiebinger,D6,10,10,0.988514739229025,836,563.0,775.0,636.0,828.0,1.0,5258,1.0,477.15694573812414,448.3895698163553,686.0,815.0
schiebinger,D6,10,30,0.9888321995464854,953,736.0,948.0,773.0,975.0,1.0,6324,0.9978604074935963,450.6683061010872,451.0516823336585,801.0,942.0
schiebinger,D6,10,50,0.9956462585034016,998,779.0,983.0,820.0,1011.0,1.0,6544,1.0,451.6384211897988,451.6392346448783,851.0,983.0
schiebinger,D6,30,10,0.9983786848072562,902,639.0,830.0,728.0,892.0,1.0,5408,1.0,421.5242372262519,445.218602447121,747.0,877.0
schiebinger,D6,30,30,0.9910657596371882,1031,809.0,1033.0,854.0,1024.0,1.0,6396,0.9987070933223233,444.59390724418887,447.9642013900103,884.0,1008.0
schiebinger,D6,30,50,0.984716553287982,1082,860.0,1084.0,900.0,1072.0,1.0,6731,1.0,443.06321615034005,448.5581459648842,934.0,1065.0
schiebinger,D6,50,10,0.9981972789115646,904,726.0,851.0,774.0,916.0,1.0,5425,1.0,463.1162346556658,445.9577144294941,788.0,883.0
schiebinger,D6,50,30,0.9974036281179138,1040,858.0,1080.0,894.0,1069.0,1.0,6466,0.9988641547430666,433.9866846128915,448.77177694519287,914.0,1050.0
schiebinger,D6,50,50,0.9944104308390024,1106,897.0,1107.0,931.0,1092.0,1.0,6738,1.0,453.3600671188547,449.3746241970937,965.0,1080.0
schiebinger,D6.5,10,10,0.9760090702947848,729,496.0,673.0,567.0,742.0,1.0,4177,1.0,404.275790290358,406.7823086293459,575.0,721.0
schiebinger,D6.5,10,30,0.9876984126984129,804,613.0,798.0,678.0,837.0,1.0,4807,0.9956916245795118,412.9072222015781,407.88758834978,687.0,812.0
schiebinger,D6.5,10,50,0.9908049886621316,883,655.0,832.0,722.0,871.0,1.0,5011,1.0,414.0894836599242,408.5635957012907,726.0,856.0
schiebinger,D6.5,30,10,0.99156462585034,775,587.0,742.0,651.0,786.0,1.0,5175,1.0,385.3887011845592,380.61138410131423,660.0,766.0
schiebinger,D6.5,30,30,0.9830385487528344,911,738.0,962.0,769.0,937.0,1.0,5709,0.9980531522434946,381.8460260517916,381.7296476869176,776.0,918.0
schiebinger,D6.5,30,50,0.9741723356009072,1004,777.0,1001.0,807.0,977.0,1.0,5931,1.0,385.4017847889139,382.37130512323984,813.0,939.0
schiebinger,D6.5,50,10,0.993639455782313,817,629.0,760.0,684.0,828.0,1.0,5268,1.0,370.69489025987366,378.8836934046301,696.0,800.0
schiebinger,D6.5,50,30,0.9800226757369616,955,770.0,967.0,793.0,956.0,1.0,6125,0.9984751314614685,382.6210815136085,380.1043506563419,817.0,940.0
schiebinger,D6.5,50,50,0.980374149659864,1005,818.0,1028.0,851.0,1018.0,1.0,6162,1.0,379.3502606129024,380.7456837018405,861.0,997.0
schiebinger,D7,10,10,0.9842517006802722,760,523.0,721.0,612.0,780.0,1.0,4826,1.0,369.9727923732647,347.17017871122,637.0,749.0
schiebinger,D7,10,30,0.9851587301587302,872,676.0,872.0,718.0,901.0,1.0,5465,0.9975573210241199,349.6312536805977,349.4073051403888,746.0,881.0
schiebinger,D7,10,50,0.981530612244898,934,735.0,938.0,775.0,952.0,1.0,5761,1.0,345.95760184602125,349.93694894793765,796.0,927.0
schiebinger,D7,30,10,0.9957709750566894,820,621.0,806.0,697.0,853.0,1.0,5214,1.0,358.50828689375754,347.85895457942127,722.0,837.0
schiebinger,D7,30,30,0.9941496598639455,977,781.0,1017.0,826.0,994.0,1.0,6125,0.998595140415374,353.7821234676775,350.17386361478367,842.0,981.0
schiebinger,D7,30,50,0.986315192743764,1041,833.0,1083.0,869.0,1067.0,1.0,6199,1.0,348.8966889442964,350.70165766568806,905.0,1060.0
schiebinger,D7,50,10,0.9968480725623584,818,696.0,817.0,738.0,853.0,1.0,5238,1.0,349.148394817385,341.3501171352371,740.0,840.0
schiebinger,D7,50,30,0.9951360544217688,994,828.0,1010.0,859.0,1004.0,1.0,6299,0.9988006838239492,341.9293051827545,343.7369591623,871.0,995.0
schiebinger,D7,50,50,0.9960430839002268,1065,877.0,1090.0,907.0,1077.0,1.0,6492,1.0,340.8035248328218,344.25432727445,923.0,1060.0
schiebinger,D7.5,10,10,0.9763832199546484,728,519.0,716.0,591.0,776.0,1.0,4570,0.9905792420327305,199.70581380701785,196.221625510028,602.0,734.0
schiebinger,D7.5,10,30,0.9727664399092972,847,655.0,863.0,709.0,885.0,1.0,5513,0.9915070878539366,198.6778909762265,198.88132304479504,726.0,880.0
schiebinger,D7.5,10,50,0.975,852,701.0,894.0,750.0,926.0,1.0,5684,0.9950611321626999,195.81420768274808,198.6255435418524,777.0,913.0
schiebinger,D7.5,30,10,0.989512471655329,809,602.0,785.0,672.0,838.0,1.0,4829,1.0,201.00445307763027,194.30433360379448,685.0,802.0
schiebinger,D7.5,30,30,0.986904761904762,928,749.0,978.0,789.0,968.0,1.0,5921,0.9984455185213372,197.16700480755523,196.97867177028684,797.0,953.0
schiebinger,D7.5,30,50,0.9785374149659865,980,799.0,1038.0,828.0,1026.0,1.0,6203,1.0,196.41470028572377,196.73654395754195,852.0,1017.0
schiebinger,D7.5,50,10,0.9882879818594104,819,642.0,831.0,705.0,885.0,1.0,4908,1.0,192.2830976563718,196.05417637376016,717.0,844.0
schiebinger,D7.5,50,30,0.9900340136054422,974,798.0,1018.0,827.0,1003.0,1.0,6004,0.9987020465847803,198.17564676070972,198.77099818358616,840.0,994.0
schiebinger,D7.5,50,50,0.9882426303854877,1020,841.0,1053.0,872.0,1043.0,1.0,6253,1.0,199.41350592616425,198.5417598184946,890.0,1023.0
schiebinger,D8,10,10,0.943764172335601,751,498.0,692.0,562.0,755.0,1.0,4860,0.9925628930817612,119.94951576539871,119.42963884975715,592.0,741.0
schiebinger,D8,10,30,0.9586848072562358,838,641.0,851.0,680.0,879.0,1.0,5414,0.9944742662685899,120.58630089339404,120.81868189349284,713.0,852.0
schiebinger,D8,10,50,0.9650226757369614,889,688.0,900.0,734.0,926.0,1.0,5489,0.9970492495026826,118.26111398694682,119.72927541501686,773.0,912.0
schiebinger,D8,30,10,0.972777777777778,814,556.0,784.0,632.0,816.0,1.0,5157,0.987658509836178,118.85962873946522,119.95152974095544,678.0,795.0
schiebinger,D8,30,30,0.9569614512471656,961,730.0,976.0,788.0,975.0,1.0,5673,0.9963797736381321,122.93879704268124,121.43618306815708,800.0,970.0
schiebinger,D8,30,50,0.9673696145124716,1001,780.0,1013.0,819.0,1008.0,1.0,5772,0.9949553878507528,119.63162199488065,120.36714020508138,858.0,992.0
schiebinger,D8,50,10,0.9840589569160998,826,598.0,817.0,691.0,866.0,1.0,5151,0.9881688728439632,115.90448780074144,119.74325500536138,714.0,846.0
schiebinger,D8,50,30,0.9709410430839004,1010,767.0,998.0,817.0,985.0,1.0,5671,0.9924480612602916,120.921163925294,121.25989968326084,837.0,976.0
schiebinger,D8,50,50,0.9629138321995466,1030,835.0,1059.0,866.0,1053.0,1.0,5773,0.9942968746996383,119.75169770883625,120.1964773988012,893.0,1039.0
schiebinger,D8.5,10,10,0.984875283446712,738,539.0,725.0,589.0,789.0,1.0,4666,1.0,204.78778780279796,204.32258001148992,617.0,778.0
schiebinger,D8.5,10,30,0.9875396825396828,831,648.0,857.0,717.0,875.0,1.0,5368,0.9962550843053988,208.5584991761372,206.21605527472667,732.0,860.0
schiebinger,D8.5,10,50,0.989331065759637,891,691.0,860.0,768.0,925.0,1.0,5471,1.0,203.7837060726621,205.77322290686251,772.0,895.0
schiebinger,D8.5,30,10,0.9916439909297052,800,632.0,800.0,698.0,860.0,1.0,5083,1.0,205.46756464371143,196.6789088550917,711.0,838.0
schiebinger,D8.5,30,30,0.9856009070294784,934,765.0,997.0,809.0,979.0,1.0,5937,0.9981563036310364,198.68691593336695,198.6191241192811,816.0,966.0
schiebinger,D8.5,30,50,0.9826077097505668,987,804.0,1023.0,850.0,1025.0,1.0,6113,1.0,196.95749921900187,198.1785100053617,854.0,1003.0
schiebinger,D8.5,50,10,0.9940589569160996,858,671.0,839.0,735.0,894.0,1.0,5171,1.0,195.41038914807743,196.18349047964608,741.0,900.0
schiebinger,D8.5,50,30,0.9931065759637188,975,814.0,1022.0,848.0,1016.0,1.0,6044,0.9985430581315285,196.40867497482287,198.1519974775216,853.0,999.0
schiebinger,D8.5,50,50,0.99343537414966,1029,869.0,1075.0,906.0,1070.0,1.0,6225,1.0,197.8062894565038,197.7141706156248,905.0,1054.0
schiebinger,D9,10,10,0.9686507936507937,727,506.0,689.0,600.0,780.0,1.0,3969,0.9877064564564565,172.00371806706394,172.68189235365858,609.0,765.0
schiebinger,D9,10,30,0.9965079365079365,812,605.0,803.0,693.0,855.0,1.0,4296,0.9872126475900062,181.85897960942964,175.28570138814032,709.0,864.0
schiebinger,D9,10,50,0.993106575963719,862,654.0,870.0,740.0,889.0,1.0,4335,0.9883060762123096,178.2183190917529,174.33412597304545,748.0,881.0
schiebinger,D9,30,10,0.9810657596371882,820,632.0,843.0,685.0,873.0,1.0,4617,1.0,175.25531309599015,174.40581736822952,692.0,866.0
schiebinger,D9,30,30,0.9864285714285714,928,750.0,971.0,814.0,968.0,1.0,5191,0.9960482045398165,179.15481976265727,177.14821743363532,821.0,949.0
schiebinger,D9,30,50,0.9899546485260772,993,822.0,1040.0,855.0,1028.0,1.0,5267,0.9967810124490472,174.39443794906327,176.21442636522153,875.0,1005.0
schiebinger,D9,50,10,0.9901814058956916,881,678.0,876.0,726.0,921.0,1.0,4698,0.9931510304078398,175.41586307319892,174.79802060556608,732.0,905.0
schiebinger,D9,50,30,0.9675170068027212,986,801.0,1032.0,842.0,1013.0,1.0,5335,0.9984540215528612,176.41674334718113,177.57923900060763,858.0,1002.0
schiebinger,D9,50,50,0.989659863945578,1023,859.0,1064.0,896.0,1055.0,1.0,5398,0.9976387110497826,176.11857161955135,176.6494870681616,917.0,1046.0
schiebinger,D9.5,10,10,0.9808616780045352,723,477.0,673.0,575.0,756.0,1.0,3881,1.0,157.38294628502155,155.99544431828576,578.0,740.0
schiebinger,D9.5,10,30,0.9823242630385488,831,577.0,798.0,676.0,859.0,1.0,4289,0.994497372899251,152.7829921968534,157.1754152956962,694.0,831.0
schiebinger,D9.5,10,50,0.983469387755102,831,616.0,842.0,730.0,880.0,1.0,4356,1.0,157.82856591870285,156.5076690223817,741.0,856.0
schiebinger,D9.5,30,10,0.9681065759637186,811,631.0,830.0,680.0,887.0,1.0,4787,1.0,151.31090334794138,155.26944404597913,701.0,848.0
schiebinger,D9.5,30,30,0.973095238095238,929,765.0,993.0,804.0,978.0,1.0,5323,0.9976803303516313,155.61340151680986,156.4102790193816,811.0,956.0
schiebinger,D9.5,30,50,0.9762471655328798,981,818.0,1032.0,851.0,1029.0,1.0,5446,0.9960875514656133,156.14290414711576,155.7908053549836,863.0,1001.0
schiebinger,D9.5,50,10,0.989591836734694,834,665.0,870.0,741.0,914.0,1.0,4967,0.9927339432056415,157.32481255868342,153.51885819707178,755.0,890.0
schiebinger,D9.5,50,30,0.9744557823129252,970,819.0,1029.0,842.0,1006.0,1.0,5570,0.9982439295258148,154.1767974880596,154.69081201807882,854.0,989.0
schiebinger,D9.5,50,50,0.9683333333333332,1021,858.0,1063.0,884.0,1056.0,1.0,5705,0.9972206847545928,153.67765231875927,154.0780792301005,894.0,1043.0
schiebinger,D10,10,10,0.9654761904761904,723,477.0,708.0,569.0,768.0,1.0,3748,0.9859211775878443,131.44475103036882,133.01740407766945,584.0,750.0
schiebinger,D10,10,30,0.9830839002267572,845,589.0,794.0,664.0,841.0,1.0,4123,0.9948500315421231,142.3401020754298,133.94391945856182,699.0,820.0
schiebinger,D10,10,50,0.987936507936508,844,630.0,839.0,723.0,872.0,1.0,4150,0.990392579849449,126.72354180594505,133.09324177753058,745.0,846.0
schiebinger,D10,30,10,0.9663038548752836,799,625.0,858.0,715.0,897.0,1.0,4515,0.9918270632837562,136.15588927997604,133.3167212188847,713.0,878.0
schiebinger,D10,30,30,0.9717913832199544,961,780.0,1003.0,818.0,984.0,1.0,4999,0.9977920889664504,133.08673724038124,134.34130425781882,817.0,959.0
schiebinger,D10,30,50,0.9693877551020408,1010,824.0,1028.0,852.0,1025.0,1.0,5107,0.9963117629465646,134.63785772624897,133.5651301434333,880.0,1008.0
schiebinger,D10,50,10,0.9599319727891158,832,681.0,892.0,759.0,924.0,1.0,4681,0.9928015742266155,134.3066234204449,134.33897217681016,756.0,879.0
schiebinger,D10,50,30,0.9641383219954648,996,836.0,1055.0,877.0,1070.0,1.0,5235,0.9982792216195431,135.2471340755231,135.35363085360498,880.0,1011.0
schiebinger,D10,50,50,0.9738208616780044,1055,888.0,1090.0,906.0,1089.0,1.0,5354,0.997288468050241,133.70655134705606,134.59414541407776,921.0,1063.0
schiebinger,D10.5,10,10,0.964750566893424,788,513.0,784.0,604.0,840.0,1.0,3617,1.0,136.21938785274995,136.02573684260298,594.0,803.0
schiebinger,D10.5,10,30,0.9738321995464854,935,645.0,874.0,707.0,908.0,1.0,3988,0.9946212514957756,140.45930609321056,135.37163593074584,701.0,890.0
schiebinger,D10.5,10,50,0.976530612244898,936,692.0,899.0,746.0,937.0,1.0,4043,1.0,133.50681618305265,135.0427426613516,763.0,915.0
schiebinger,D10.5,30,10,0.9595578231292518,851,629.0,863.0,693.0,900.0,1.0,4373,0.9911641081871346,147.038677079686,146.39774813891538,704.0,846.0
schiebinger,D10.5,30,30,0.9690362811791384,998,783.0,1038.0,825.0,1029.0,1.0,5012,0.9974609666030801,144.47431568010632,145.5934820217459,821.0,984.0
schiebinger,D10.5,30,50,0.968015873015873,1040,846.0,1076.0,873.0,1057.0,1.0,5130,0.9956473151729164,145.76670546535644,145.3464179573436,878.0,1015.0
schiebinger,D10.5,50,10,0.9568594104308392,878,663.0,892.0,739.0,949.0,1.0,4578,0.9923967602099019,158.41684581172694,149.9721672927566,757.0,891.0
schiebinger,D10.5,50,30,0.9728571428571428,1050,834.0,1092.0,874.0,1055.0,1.0,5303,0.9980768078881287,150.0224412874933,149.09106649105885,873.0,1019.0
schiebinger,D10.5,50,50,0.9562925170068028,1131,890.0,1146.0,930.0,1121.0,1.0,5472,0.9968827425742358,148.1031435130899,148.87107850306774,941.0,1073.0
schiebinger,D11,10,10,0.92343537414966,739,463.0,728.0,547.0,786.0,1.0,3363,0.9865923009623798,127.00817907836432,125.20590801080856,562.0,752.0
schiebinger,D11,10,30,0.9744104308390024,930,590.0,823.0,676.0,887.0,1.0,3679,0.9951834821979108,126.6281537331285,124.96003471680407,705.0,856.0
schiebinger,D11,10,50,0.9801473922902496,914,630.0,908.0,727.0,923.0,1.0,3707,0.9821304285846059,119.89921566292692,124.1749278496897,758.0,890.0
schiebinger,D11,30,10,0.9358163265306124,823,610.0,877.0,716.0,950.0,1.0,4103,0.9838902812587024,126.73825732869992,127.15822400223745,729.0,903.0
schiebinger,D11,30,30,0.9517233560090704,1008,798.0,1034.0,844.0,1035.0,1.0,4602,0.9978479495773122,128.54825898841574,126.91450193946513,852.0,1017.0
schiebinger,D11,30,50,0.9626530612244896,1065,862.0,1101.0,891.0,1082.0,1.0,4699,0.9928602122985846,124.72809154522776,126.20835813473256,893.0,1049.0
schiebinger,D11,50,10,0.9522108843537416,852,675.0,901.0,775.0,987.0,1.0,4232,0.9929335016835017,124.576461526606,127.40293762621684,779.0,927.0
schiebinger,D11,50,30,0.9258276643990928,1021,860.0,1109.0,902.0,1075.0,1.0,4805,0.9983452052782035,127.09372498702989,127.24775402341304,905.0,1048.0
schiebinger,D11,50,50,0.9576984126984126,1095,920.0,1135.0,945.0,1126.0,1.0,4939,0.9974206925484881,125.8872824134736,126.54391308865524,956.0,1088.0
schiebinger,D11.5,10,10,0.9738321995464854,920,530.0,799.0,632.0,887.0,1.0,4245,1.0,204.61082958544108,201.19104485810465,650.0,805.0
schiebinger,D11.5,10,30,0.9722562358276644,1084,658.0,919.0,749.0,979.0,1.0,4722,0.9945807060124486,202.100809154848,200.81372558571488,753.0,940.0
schiebinger,D11.5,10,50,0.9721655328798188,1098,712.0,950.0,798.0,1024.0,1.0,4797,1.0,203.49943687763283,200.97290990153803,808.0,984.0
schiebinger,D11.5,30,10,0.9807029478458048,975,671.0,939.0,781.0,979.0,1.0,4928,0.991545542635659,207.7535665004888,212.17902715202888,783.0,911.0
schiebinger,D11.5,30,30,0.9800453514739228,1145,869.0,1130.0,902.0,1072.0,1.0,5684,0.9976514526176328,212.23492865456885,211.71736680427748,906.0,1049.0
schiebinger,D11.5,30,50,0.981360544217687,1203,916.0,1161.0,944.0,1141.0,1.0,5816,0.9960296084404489,212.80233187076428,211.98196767069535,964.0,1112.0
schiebinger,D11.5,50,10,0.9825510204081632,1003,714.0,953.0,813.0,1024.0,1.0,5057,0.9926825677267374,210.3082705034368,211.5518444871788,825.0,960.0
schiebinger,D11.5,50,30,0.97765306122449,1196,914.0,1181.0,939.0,1141.0,1.0,5926,0.9982197078734907,209.07979385598605,211.14013143942088,963.0,1081.0
schiebinger,D11.5,50,50,0.976904761904762,1233,975.0,1233.0,1001.0,1200.0,1.0,6065,0.9971691936011922,210.75341365108025,211.42533178121005,1028.0,1165.0
schiebinger,D12,10,10,0.987721088435374,927,564.0,861.0,689.0,966.0,1.0,3868,0.9853787878787879,190.3794821536693,187.5798034622765,718.0,871.0
schiebinger,D12,10,30,0.9861337868480726,1086,703.0,961.0,829.0,1049.0,1.0,4237,0.9837421180373456,186.95736250863175,187.73032956202772,856.0,979.0
schiebinger,D12,10,50,0.9895464852607708,1088,755.0,987.0,874.0,1057.0,1.0,4322,0.9796979378449027,191.32846090651583,187.46843736590583,893.0,1024.0
schiebinger,D12,30,10,0.9863832199546484,1007,721.0,976.0,823.0,1029.0,1.0,4709,0.9915952380952381,190.1937581587405,184.1245227951382,838.0,962.0
schiebinger,D12,30,30,0.9851473922902494,1167,908.0,1153.0,933.0,1135.0,1.0,5379,0.9976721976074151,184.41516808959005,184.14200516485764,950.0,1099.0
schiebinger,D12,30,50,0.9822675736961451,1223,960.0,1209.0,999.0,1200.0,1.0,5483,0.9921588315837518,184.46500046386075,184.0275702513116,1012.0,1142.0
schiebinger,D12,50,10,0.9925963718820864,1031,781.0,1023.0,872.0,1048.0,1.0,4877,0.9927484882842026,186.08359203945184,192.2058495725336,884.0,1023.0
schiebinger,D12,50,30,0.989002267573696,1194,965.0,1226.0,992.0,1176.0,1.0,5672,0.998251228231156,192.91864794503996,192.20672530406688,1009.0,1132.0
schiebinger,D12,50,50,0.98765306122449,1272,1018.0,1251.0,1047.0,1221.0,1.0,5785,0.9944705251642724,192.1493079324945,192.1378622231545,1065.0,1176.0
schiebinger,D12.5,10,10,0.9874036281179138,1142,584.0,923.0,709.0,1007.0,1.0,4641,1.0,397.3428766334577,401.908086640789,727.0,903.0
schiebinger,D12.5,10,30,0.9851360544217688,1346,706.0,1038.0,847.0,1093.0,1.0,5239,0.9939779298269865,401.8982549937807,400.6752121820592,852.0,1008.0
schiebinger,D12.5,10,50,0.9884580498866212,1372,768.0,1065.0,896.0,1124.0,1.0,5312,1.0,396.00620443317695,401.5493122047399,916.0,1058.0
schiebinger,D12.5,30,10,0.992482993197279,1210,757.0,1029.0,872.0,1063.0,1.0,5249,1.0,426.50500062142726,429.3253188410681,868.0,983.0
schiebinger,D12.5,30,30,0.9873469387755104,1372,981.0,1243.0,992.0,1182.0,1.0,6060,0.9975080640423243,424.58303808755466,428.1655611988597,988.0,1100.0
schiebinger,D12.5,30,50,0.9890136054421772,1442,1014.0,1303.0,1036.0,1247.0,1.0,6210,0.9957418503131944,429.8855300448588,429.1834810617222,1038.0,1161.0
schiebinger,D12.5,50,10,0.9857369614512472,1205,818.0,1053.0,913.0,1079.0,1.0,5357,1.0,415.3264002178209,411.55863024423536,893.0,1007.0
schiebinger,D12.5,50,30,0.9919274376417232,1429,1055.0,1286.0,1039.0,1192.0,1.0,6265,0.9981973631252211,410.5671565156206,410.5272478506892,1030.0,1148.0
schiebinger,D12.5,50,50,0.9878231292517008,1487,1079.0,1351.0,1095.0,1271.0,1.0,6441,0.9971244077109476,409.8925200293298,411.54382721725705,1088.0,1200.0
schiebinger,D13,10,10,0.9872902494331066,1127,610.0,981.0,714.0,1034.0,1.0,4547,1.0,333.603632630396,330.7975431940611,696.0,944.0
schiebinger,D13,10,30,0.9874263038548752,1345,779.0,1147.0,837.0,1122.0,1.0,5154,0.9945807060124486,332.35609654064314,329.76677682634835,816.0,1021.0
schiebinger,D13,10,50,0.9895578231292516,1362,844.0,1174.0,888.0,1153.0,1.0,5255,0.9898489689224514,332.4509598067904,330.64394481315634,884.0,1071.0
schiebinger,D13,30,10,0.9947959183673468,1188,743.0,1045.0,847.0,1074.0,1.0,5119,0.9912886779184248,324.25944075195304,330.8784660885616,819.0,983.0
schiebinger,D13,30,30,0.9876303854875284,1355,945.0,1250.0,992.0,1217.0,1.0,5947,0.9925695038813165,331.68475626089287,329.8142752416436,986.0,1128.0
schiebinger,D13,30,50,0.9837528344671204,1439,1009.0,1308.0,1052.0,1268.0,1.0,6106,0.9957721653792752,331.52490200994885,330.6364966855534,1045.0,1182.0
schiebinger,D13,50,10,0.991530612244898,1196,784.0,1062.0,901.0,1105.0,1.0,5288,0.9925628930817612,331.7244394020394,336.2368902519306,872.0,1027.0
schiebinger,D13,50,30,0.9918027210884354,1402,1014.0,1300.0,1053.0,1241.0,1.0,6182,0.9944742662685899,335.72829982883314,335.2456332935972,1036.0,1165.0
schiebinger,D13,50,50,0.9899886621315191,1476,1081.0,1351.0,1107.0,1313.0,1.0,6380,0.9970492495026826,337.2098533671252,336.0697050887751,1093.0,1212.0
schiebinger,D13.5,10,10,0.9797619047619048,918,538.0,825.0,674.0,950.0,1.0,3733,0.9854604604604605,147.4056172418127,147.8850714912253,677.0,876.0
schiebinger,D13.5,10,30,0.985907029478458,1115,658.0,928.0,785.0,1025.0,1.0,4108,0.9837421180373456,145.58843482845234,147.8432105034464,801.0,987.0
schiebinger,D13.5,10,50,0.987902494331066,1125,724.0,1019.0,834.0,1046.0,1.0,4180,0.9798616507881684,150.47907973938754,147.75656870582566,870.0,1013.0
schiebinger,D13.5,30,10,0.970702947845805,967,750.0,1007.0,824.0,1083.0,1.0,4416,0.9916274325172632,144.74425211713572,142.47801697505383,816.0,1035.0
schiebinger,D13.5,30,30,0.9755102040816328,1162,916.0,1220.0,939.0,1166.0,1.0,5032,0.9930770722212297,142.60256830087633,142.44111764724295,941.0,1100.0
schiebinger,D13.5,30,50,0.9741269841269842,1248,962.0,1283.0,1000.0,1221.0,1.0,5154,0.9922233654025499,141.47363087793133,142.28015022608906,996.0,1146.0
schiebinger,D13.5,50,10,0.9802834467120184,982,773.0,1065.0,870.0,1083.0,1.0,4567,0.9927310042000764,138.16699880017438,140.40234764127962,856.0,1000.0
schiebinger,D13.5,50,30,0.9751360544217686,1192,976.0,1266.0,1002.0,1227.0,1.0,5267,0.9982424547229298,140.29253369162473,140.3125603132802,1009.0,1135.0
schiebinger,D13.5,50,50,0.9734807256235828,1279,1024.0,1322.0,1062.0,1255.0,1.0,5407,0.9972177391317077,141.1012324436395,140.1554761194994,1061.0,1199.0
schiebinger,D14,10,10,0.9924036281179138,1204,721.0,1086.0,846.0,1138.0,1.0,4800,1.0,309.77698256200586,309.1759854578272,846.0,1000.0
schiebinger,D14,10,30,0.990952380952381,1372,916.0,1268.0,944.0,1217.0,1.0,5479,0.9965462805302597,313.00398241640755,308.8007758204782,971.0,1152.0
schiebinger,D14,10,50,0.9919274376417232,1467,944.0,1257.0,1008.0,1249.0,1.0,5612,1.0,305.6246558424327,309.44465812786814,1035.0,1194.0
schiebinger,D14,30,10,0.993684807256236,1233,850.0,1117.0,964.0,1190.0,1.0,5203,0.9926794493608653,279.21060183449674,298.8731383451991,965.0,1117.0
schiebinger,D14,30,30,0.9927777777777778,1442,1079.0,1330.0,1105.0,1310.0,1.0,6077,0.9982165836236061,298.43180204810204,298.5670681769144,1099.0,1230.0
schiebinger,D14,30,50,0.9860430839002268,1493,1127.0,1366.0,1131.0,1354.0,1.0,6303,0.9971660682141612,299.0090172269361,299.22863093856466,1152.0,1281.0
schiebinger,D14,50,10,0.995578231292517,1259,899.0,1114.0,1000.0,1197.0,1.0,5287,0.9933902983321587,305.8793084696279,295.7464668484976,985.0,1124.0
schiebinger,D14,50,30,0.9889455782312924,1460,1128.0,1370.0,1139.0,1330.0,1.0,6298,0.9957212200432008,299.6551962791573,295.449841897332,1153.0,1283.0
schiebinger,D14,50,50,0.9911111111111112,1526,1176.0,1421.0,1186.0,1366.0,1.0,6518,0.9978785176979694,296.5592895472783,296.1158529437183,1200.0,1326.0
schiebinger,D14.5,10,10,0.986122448979592,1224,675.0,1023.0,772.0,1109.0,1.0,4565,0.9746428571428571,243.4597059667804,241.6064590581471,764.0,947.0
schiebinger,D14.5,10,30,0.9811111111111112,1445,823.0,1215.0,871.0,1159.0,1.0,5187,0.9865615550338618,240.34172700587212,240.92901065653652,880.0,1074.0
schiebinger,D14.5,10,50,0.978140589569161,1437,873.0,1244.0,915.0,1194.0,1.0,5274,0.9835919671382931,239.6642491883437,241.2455525074956,942.0,1142.0
schiebinger,D14.5,30,10,0.9866893424036282,1266,815.0,1099.0,907.0,1162.0,1.0,5128,0.9920181130035145,260.0215471571945,256.7034850295198,892.0,1083.0
schiebinger,D14.5,30,30,0.9860997732426304,1477,1007.0,1346.0,1045.0,1295.0,1.0,5993,0.9936626568369618,255.84082809674663,256.01160215040613,1037.0,1200.0
schiebinger,D14.5,30,50,0.9825736961451248,1537,1075.0,1382.0,1090.0,1337.0,1.0,6134,0.9965032428244573,259.0401332735945,256.43649799668043,1102.0,1250.0
schiebinger,D14.5,50,10,0.9908503401360546,1264,853.0,1126.0,956.0,1186.0,1.0,5178,1.0,237.03506998390125,243.4683974504981,933.0,1106.0
schiebinger,D14.5,50,30,0.9845804988662132,1490,1096.0,1371.0,1119.0,1331.0,1.0,6166,0.9951183644259901,245.0130639256712,242.94259794145256,1097.0,1269.0
schiebinger,D14.5,50,50,0.9820408163265306,1563,1140.0,1421.0,1161.0,1401.0,1.0,6335,0.9974759606041526,243.78465703273173,243.31833559182772,1182.0,1303.0
schiebinger,D15,10,10,0.9708276643990932,1143,704.0,1066.0,826.0,1173.0,1.0,4467,1.0,165.74520199853197,163.8286707539068,857.0,1062.0
schiebinger,D15,10,30,0.9797845804988664,1350,904.0,1265.0,959.0,1271.0,1.0,5056,0.9898671018573636,161.83954991273987,164.19382096232476,1000.0,1202.0
schiebinger,D15,10,50,0.970589569160998,1454,978.0,1317.0,1025.0,1302.0,1.0,5173,0.9939871782705428,163.16296964823266,164.21386155126487,1072.0,1240.0
schiebinger,D15,30,10,0.983718820861678,1205,843.0,1216.0,980.0,1231.0,1.0,4933,0.9927879291251385,155.77154257656338,170.21357058173106,971.0,1133.0
schiebinger,D15,30,30,0.971281179138322,1426,1090.0,1403.0,1121.0,1360.0,1.0,5698,0.9948130572042491,170.785875954532,170.52542451203436,1120.0,1271.0
schiebinger,D15,30,50,0.972936507936508,1491,1144.0,1447.0,1173.0,1402.0,1.0,5909,0.994549584452252,170.85739063338588,170.63436254111394,1205.0,1336.0
schiebinger,D15,50,10,0.9882993197278912,1200,881.0,1164.0,1021.0,1229.0,1.0,5021,0.9934502049407334,175.82102634606875,169.5826460691849,1003.0,1144.0
schiebinger,D15,50,30,0.9800907029478458,1444,1141.0,1409.0,1176.0,1370.0,1.0,5898,0.9958096672066465,174.41115079351076,169.81292939930654,1159.0,1307.0
schiebinger,D15,50,50,0.977222222222222,1515,1186.0,1461.0,1231.0,1439.0,1.0,6106,0.9979385591893118,169.65827226143955,169.9485411480446,1238.0,1364.0
schiebinger,D15.5,10,10,0.989421768707483,1314,798.0,1174.0,916.0,1214.0,1.0,4995,0.9905642023346304,296.601326003938,300.256901818303,930.0,1118.0
schiebinger,D15.5,10,30,0.987845804988662,1499,992.0,1383.0,1045.0,1327.0,1.0,5814,0.9914618832195794,302.5786387688563,299.86602402729613,1072.0,1253.0
schiebinger,D15.5,10,50,0.9872675736961452,1524,1047.0,1397.0,1111.0,1367.0,1.0,5953,0.9950460586019568,300.93989596365213,300.6941574579181,1133.0,1295.0
schiebinger,D15.5,30,10,0.9945351473922904,1334,898.0,1205.0,998.0,1241.0,1.0,5311,0.993125367430923,290.47070523667617,293.17733984692615,996.0,1178.0
schiebinger,D15.5,30,30,0.9905895691609976,1535,1142.0,1464.0,1167.0,1404.0,1.0,6281,0.99844030865596,284.3593783479363,292.778833671823,1160.0,1307.0
schiebinger,D15.5,30,50,0.9885034013605444,1599,1201.0,1512.0,1231.0,1466.0,1.0,6503,0.9976129902913716,293.53242403853966,293.58154847499475,1236.0,1355.0
schiebinger,D15.5,50,10,0.9916893424036282,1336,947.0,1196.0,1029.0,1227.0,1.0,5413,1.0,304.1615631451672,292.5997380404057,1029.0,1193.0
schiebinger,D15.5,50,30,0.9932653061224488,1541,1182.0,1483.0,1216.0,1394.0,1.0,6398,0.9986975235508451,293.3626266358444,292.2502554327518,1202.0,1319.0
schiebinger,D15.5,50,50,0.9878117913832198,1607,1252.0,1538.0,1270.0,1459.0,1.0,6653,0.9981270602982413,295.63903894491693,293.04144329669384,1271.0,1378.0
schiebinger,D16,10,10,0.9748412698412698,1154,728.0,1103.0,847.0,1175.0,1.0,4319,1.0,152.87704175669282,153.0058409827672,887.0,1073.0
schiebinger,D16,10,30,0.9816780045351474,1299,910.0,1266.0,972.0,1230.0,1.0,4827,0.9963791799173014,154.46599516724623,153.79710478577942,996.0,1176.0
schiebinger,D16,10,50,0.9801814058956916,1401,975.0,1276.0,1038.0,1272.0,1.0,4928,0.9934734661336034,154.28051699280232,153.6705587212736,1061.0,1242.0
schiebinger,D16,30,10,0.9850340136054422,1168,863.0,1214.0,984.0,1239.0,1.0,4870,1.0,151.901458039832,152.5632632711961,989.0,1169.0
schiebinger,D16,30,30,0.9725056689342404,1387,1082.0,1392.0,1127.0,1353.0,1.0,5623,0.9981789959838357,153.56062118863275,153.4395972738671,1148.0,1275.0
schiebinger,D16,30,50,0.9739115646258506,1452,1153.0,1418.0,1199.0,1385.0,1.0,5796,1.0,153.16326365123342,153.3534839314034,1205.0,1333.0
schiebinger,D16,50,10,0.9900566893424037,1179,905.0,1195.0,1019.0,1266.0,1.0,4987,1.0,148.9546379744974,152.49165110852437,1044.0,1184.0
schiebinger,D16,50,30,0.978684807256236,1401,1150.0,1450.0,1185.0,1407.0,1.0,5784,0.9985399189000959,151.4315332180779,153.35455617288625,1212.0,1318.0
schiebinger,D16,50,50,0.973888888888889,1497,1212.0,1496.0,1243.0,1459.0,1.0,6001,1.0,153.0991783754089,153.2831382636625,1264.0,1363.0
schiebinger,D16.5,10,10,0.9846145124716552,1262,731.0,1127.0,899.0,1196.0,1.0,4570,0.9901274651274652,179.66144089117563,182.56536766620843,916.0,1111.0
schiebinger,D16.5,10,30,0.9807596371882088,1456,924.0,1285.0,1045.0,1310.0,1.0,5221,0.996934278970869,182.55009415948547,182.74480056237115,1057.0,1238.0
schiebinger,D16.5,10,50,0.9784013605442178,1540,989.0,1354.0,1092.0,1365.0,1.0,5382,0.9946083380588173,183.09579785010493,182.78149352719868,1116.0,1335.0
schiebinger,D16.5,30,10,0.9886621315192744,1306,925.0,1269.0,1056.0,1308.0,1.0,4980,1.0,188.1949928890428,181.1576099550749,1041.0,1218.0
schiebinger,D16.5,30,30,0.9765532879818596,1512,1169.0,1495.0,1214.0,1425.0,1.0,5898,0.9984013861788849,179.1570119142812,181.3911092261083,1189.0,1318.0
schiebinger,D16.5,30,50,0.974659863945578,1600,1235.0,1527.0,1265.0,1494.0,1.0,6103,1.0,181.96189715133028,181.4341810550832,1248.0,1389.0
schiebinger,D16.5,50,10,0.992721088435374,1311,981.0,1262.0,1098.0,1316.0,1.0,5067,0.9935921177587845,185.36237087140452,182.21772504998975,1067.0,1246.0
schiebinger,D16.5,50,30,0.985215419501134,1520,1241.0,1514.0,1257.0,1462.0,1.0,6062,0.9986747433250702,190.35645860832187,182.4735347749925,1243.0,1367.0
schiebinger,D16.5,50,50,0.9772675736961453,1608,1294.0,1557.0,1306.0,1520.0,1.0,6315,0.9980807915312708,183.7570006935304,182.54420818051295,1293.0,1434.0
schiebinger,D17,10,10,0.989716553287982,1306,752.0,1188.0,912.0,1274.0,1.0,4656,1.0,244.50683904247427,241.175434619057,928.0,1112.0
schiebinger,D17,10,30,0.988140589569161,1505,962.0,1371.0,1062.0,1355.0,1.0,5365,0.9966100023974207,243.6873251664906,241.30969434115693,1065.0,1253.0
schiebinger,D17,10,50,0.9892403628117914,1612,1018.0,1435.0,1118.0,1371.0,1.0,5529,0.9939376996805112,243.4411700180302,241.8666619146649,1119.0,1290.0
schiebinger,D17,30,10,0.9899773242630384,1348,913.0,1259.0,1034.0,1303.0,1.0,5059,0.9926636904761905,215.2583238754659,230.2023670162382,1042.0,1189.0
schiebinger,D17,30,30,0.9868367346938776,1557,1176.0,1463.0,1187.0,1424.0,1.0,6028,0.998210268235347,230.40050513558333,230.5161606742389,1188.0,1312.0
schiebinger,D17,30,50,0.9910430839002268,1624,1233.0,1514.0,1244.0,1466.0,1.0,6223,0.9971502738475582,232.07526377441255,231.03384472197948,1239.0,1358.0
schiebinger,D17,50,10,0.990408163265306,1345,961.0,1238.0,1075.0,1293.0,1.0,5129,0.993354584092289,221.29411518326748,225.6445268671116,1079.0,1216.0
schiebinger,D17,50,30,0.98640589569161,1549,1236.0,1501.0,1244.0,1450.0,1.0,6180,0.9985552717842762,221.6789169980367,226.08461398399035,1251.0,1329.0
schiebinger,D17,50,50,0.9838208616780044,1642,1286.0,1566.0,1291.0,1524.0,1.0,6394,0.9978427230456771,226.4262250458337,226.55749244317127,1289.0,1384.0
schiebinger,D17.5,10,10,0.9863832199546486,1210,749.0,1131.0,879.0,1224.0,1.0,4504,1.0,197.5548951104184,196.83773040995067,908.0,1099.0
schiebinger,D17.5,10,30,0.9832086167800452,1382,909.0,1293.0,1031.0,1299.0,1.0,5182,0.9965462805302597,197.73629787728717,197.2217670188925,1040.0,1221.0
schiebinger,D17.5,10,50,0.9810090702947843,1487,989.0,1368.0,1073.0,1337.0,1.0,5322,1.0,198.8688139976669,197.4651238247119,1099.0,1287.0
schiebinger,D17.5,30,10,0.9942630385487528,1269,928.0,1252.0,1040.0,1271.0,1.0,4968,1.0,194.83586647887105,198.23621050559865,1026.0,1145.0
schiebinger,D17.5,30,30,0.9851020408163264,1471,1153.0,1463.0,1199.0,1436.0,1.0,5948,0.9915586191221959,199.06429229526535,198.75134388917667,1193.0,1299.0
schiebinger,D17.5,30,50,0.9880385487528346,1546,1218.0,1493.0,1243.0,1467.0,1.0,6150,0.9947072026529705,199.2768207485633,199.04796338889088,1233.0,1367.0
schiebinger,D17.5,50,10,0.9929591836734696,1286,973.0,1249.0,1080.0,1292.0,1.0,5056,1.0,200.8760550315241,199.9786342170112,1057.0,1176.0
schiebinger,D17.5,50,30,0.98718820861678,1498,1225.0,1507.0,1242.0,1427.0,1.0,6102,0.9986032224022156,204.04693183973532,200.55511754702215,1233.0,1331.0
schiebinger,D17.5,50,50,0.9837641723356008,1571,1278.0,1554.0,1284.0,1484.0,1.0,6358,0.9958771183786235,200.93762840197903,200.85847741084223,1292.0,1382.0
schiebinger,D18,10,10,0.990827664399093,1171,713.0,1112.0,876.0,1207.0,1.0,4535,1.0,167.72403358327483,168.5479692657098,916.0,1105.0
schiebinger,D18,10,30,0.977471655328798,1350,922.0,1275.0,1025.0,1290.0,1.0,5151,0.989559609129596,168.30281286205434,169.01742829977144,1058.0,1225.0
schiebinger,D18,10,50,0.9811791383219954,1439,992.0,1294.0,1088.0,1332.0,1.0,5255,0.9875128981884598,168.82518492254616,169.00149443701412,1097.0,1249.0
schiebinger,D18,30,10,0.9935034013605444,1235,891.0,1271.0,1033.0,1298.0,1.0,5062,0.9927040915260811,172.59229006725644,168.58182618352885,1028.0,1198.0
schiebinger,D18,30,30,0.9818934240362812,1469,1147.0,1465.0,1188.0,1420.0,1.0,5814,0.9982304711458699,169.4732508686612,169.05440894760824,1192.0,1322.0
schiebinger,D18,30,50,0.9897732426303856,1516,1193.0,1519.0,1241.0,1492.0,1.0,5984,0.9971907658624619,168.528983217939,169.08804690063323,1256.0,1384.0
schiebinger,D18,50,10,0.9940022675736964,1266,957.0,1250.0,1081.0,1312.0,1.0,5193,0.9933980412731725,176.84003642096928,171.22948321388438,1088.0,1223.0
schiebinger,D18,50,30,0.9899092970521542,1492,1207.0,1515.0,1241.0,1469.0,1.0,6029,0.9985776146989552,174.3707654538729,171.6869844839411,1232.0,1366.0
schiebinger,D18,50,50,0.9917346938775508,1562,1277.0,1553.0,1282.0,1524.0,1.0,6232,0.9978862780726075,171.5438897276589,171.7225746916074,1302.0,1418.0
bhattacherjee_Excitatory,withdraw_15d_Cocaine,10,10,0.7438775510204083,312,222.0,296.0,283.0,346.0,1.0,1311,0.6571537860267092,53.53800554857133,47.54968834649833,268.0,352.0
bhattacherjee_Excitatory,withdraw_15d_Cocaine,10,30,0.659421768707483,525,390.0,485.0,421.0,489.0,1.0,2255,0.7984096109839817,52.85920536549946,51.05566261058374,355.0,470.0
bhattacherjee_Excitatory,withdraw_15d_Cocaine,10,50,0.66,616,453.0,524.0,478.0,542.0,1.0,2583,0.7386888586956522,51.5748682328836,51.321707003707616,414.0,510.0
bhattacherjee_Excitatory,withdraw_15d_Cocaine,30,10,0.7716099773242631,371,321.0,374.0,415.0,447.0,1.0,1461,0.6079299954776033,56.09174038491625,48.08795128828479,420.0,465.0
bhattacherjee_Excitatory,withdraw_15d_Cocaine,30,30,0.7631746031746032,652,612.0,640.0,596.0,657.0,1.0,2743,0.7257932330827068,56.43583428571975,52.00341317430809,542.0,633.0
bhattacherjee_Excitatory,withdraw_15d_Cocaine,30,50,0.7302607709750568,771,676.0,726.0,653.0,735.0,1.0,3306,0.758779017857143,53.76571324455381,52.29954790772865,596.0,698.0
bhattacherjee_Excitatory,withdraw_15d_Cocaine,50,10,0.7715986394557823,402,368.0,410.0,464.0,482.0,1.0,1491,0.6055659577192056,57.10491225852394,48.82598328613847,487.0,497.0
bhattacherjee_Excitatory,withdraw_15d_Cocaine,50,30,0.7500680272108842,708,707.0,750.0,695.0,751.0,1.0,2841,0.7255055634051573,52.16385719999579,53.268813402728654,658.0,730.0
bhattacherjee_Excitatory,withdraw_15d_Cocaine,50,50,0.7458163265306123,836,762.0,818.0,747.0,817.0,1.0,3510,0.7622430788590605,55.46205147650227,53.61750241990393,697.0,801.0
bhattacherjee_Excitatory,withdraw_48h_Cocaine,10,10,0.5331519274376418,144,86.0,149.0,100.0,162.0,0.8698540699620263,588,0.10422274191413317,11.995293389011294,11.495770781055796,68.0,158.0
bhattacherjee_Excitatory,withdraw_48h_Cocaine,10,30,0.5752834467120181,230,187.0,230.0,166.0,198.0,0.9998737906280852,911,0.2305505142165759,12.547520058667883,9.797027783818804,114.0,183.0
bhattacherjee_Excitatory,withdraw_48h_Cocaine,10,50,0.5593083900226757,247,221.0,248.0,207.0,234.0,0.9999997665581014,1022,0.2699353448275862,10.380300908552442,9.101477797201142,141.0,203.0
bhattacherjee_Excitatory,withdraw_48h_Cocaine,30,10,0.5204308390022677,152,135.0,204.0,177.0,228.0,0.9931608753037272,708,0.1548802150847376,11.562827695698218,8.631478588282278,130.0,226.0
bhattacherjee_Excitatory,withdraw_48h_Cocaine,30,30,0.5327437641723356,262,243.0,294.0,207.0,273.0,0.9999975850545638,1237,0.22478991596638653,8.190092694952114,7.350382227726527,142.0,228.0
bhattacherjee_Excitatory,withdraw_48h_Cocaine,30,50,0.550170068027211,312,281.0,335.0,244.0,306.0,0.9999999954049759,1442,0.24602809873949583,6.669655735161086,7.076019437109721,174.0,256.0
bhattacherjee_Excitatory,withdraw_48h_Cocaine,50,10,0.5402154195011338,178,164.0,240.0,204.0,264.0,0.909059361833114,786,0.07093537144832618,11.939948323957765,8.07436424624666,161.0,233.0
bhattacherjee_Excitatory,withdraw_48h_Cocaine,50,30,0.5194671201814061,358,286.0,337.0,253.0,314.0,0.9999999350839835,1501,0.22212713936430317,11.534835593371042,8.842313380661324,172.0,282.0
bhattacherjee_Excitatory,withdraw_48h_Cocaine,50,50,0.5549319727891155,446,347.0,404.0,312.0,389.0,0.9999999999866461,1927,0.24856738997555017,9.313830897292805,9.164754974101925,218.0,347.0
